<?xml version="1.0"?>
<scene ambient="0.2 0.2 0.2">
  <!-- define camera,material,lights here -->
  <light name="myLight3" color="1 1 1" from="0 2000 0 " power="1.0" type="point" />
  <material name="blue" diffuse="0 0 1" specular="0.5 0.5 0.5" hardness="16" />
  <material name="green" diffuse="0 1 0" specular="0.5 0.5 0.5" hardness="16" />
	<material name="red" diffuse="1 0 0" specular="0.5 0.5 0.5" hardness="16" />
  
  <!-- render configuration -->
  <render bgcolor="0 0 1" output="Plane.png" samples="1" >
    <camera name="myCamera" from="0 1000 1000" to="0 0 0" up="0 1 0" fovy="45" width="1024" height="768" />
  </render> 
  
  <!-- scene objects -->
  <node name="root" rotation="0 45 0">
    <mesh name="sphere" filename="a4data/box.obj" >
      <material ref="red" />
    </mesh>
  </node>
<node name="plane" translation="0 -1 0">
  	<plane>
      <material ref="blue" />
      <material2 ref="green" />
    </plane>
  </node>    
</scene>
